iter	RMSE
0	57.08310063
75	44.33166601
150	41.46012274
225	40.1558659
300	39.35129609
375	38.69502099
450	38.13520269
499	37.74692815
